Lesson ID,Level,English Title,Field,Kannada Text
0,level0,Mindset and Tips for Learning English,kannadaTitle,ಇಂಗ್ಲಿಷ್ ಕಲಿಯಲು ಮನೋವೃತ್ತಿ ಮತ್ತು ಸೂಚನೆಗಳು
0,level0,Mindset and Tips for Learning English,kannadaExplanation,ಇಂಗ್ಲಿಷ್ ಕಲಿಯುವಲ್ಲಿ ಯಶಸ್ಸು ಸರಿಯಾದ ಮನೋವೃತ್ತಿ ಮತ್ತು ನಿರಂತರ ಅಭ್ಯಾಸದಿಂದ ಆರಂಭವಾಗುತ್ತದೆ.
1,level0,English Alphabet,kannadaTitle,ಇಂಗ್ಲಿಷ್ ವರ್ಣಮಾಲೆ
1,level0,English Alphabet,kannadaExplanation,ಇಂಗ್ಲಿಷ್‌ನಲ್ಲಿ 26 ಅಕ್ಷರಗಳಿವೆ. ಅವುಗಳನ್ನು ಒಂದೊಂದಾಗಿ ಕಲಿಯೋಣ.
2,level0,Vowels and Consonants,kannadaTitle,ಸ್ವರಗಳು ಮತ್ತು ವ್ಯಂಜನಗಳು
2,level0,Vowels and Consonants,kannadaExplanation,"ಸ್ವರಗಳು A, E, I, O, U. ಉಳಿದ ಎಲ್ಲಾ ಅಕ್ಷರಗಳು ವ್ಯಂಜನಗಳು."
3,level0,Letter Sounds,kannadaTitle,ಅಕ್ಷರ ಧ್ವನಿಗಳು
3,level0,Letter Sounds,kannadaExplanation,"ಪ್ರತಿ ಅಕ್ಷರಕ್ಕೆ ಒಂದು ಧ್ವನಿ ಇದೆ. ಹೆಸರನ್ನು ಮಾತ್ರ ಅಲ್ಲ, ಧ್ವನಿಯನ್ನು ಕಲಿಯಿರಿ."
4,level0,Reading Small Words,kannadaTitle,ಸಣ್ಣ ಪದಗಳನ್ನು ಓದುವುದು
4,level0,Reading Small Words,kannadaExplanation,ಅಕ್ಷರ ಧ್ವನಿಗಳನ್ನು ಸೇರಿಸಿ ಸಣ್ಣ ಪದಗಳನ್ನು ಓದಿ.
5,level0,Spelling Your Name,kannadaTitle,ನಿಮ್ಮ ಹೆಸರನ್ನು ಕಾಗುಣಿತ ಮಾಡುವುದು
5,level0,Spelling Your Name,kannadaExplanation,ನಿಮ್ಮ ಹೆಸರನ್ನು ಇಂಗ್ಲಿಷ್ ಅಕ್ಷರಗಳಲ್ಲಿ ಕಾಗುಣಿತ ಮಾಡಲು ಕಲಿಯಿರಿ.
6,level0,Common Letter Combinations,kannadaTitle,ಸಾಮಾನ್ಯ ಅಕ್ಷರ ಸಂಯೋಜನೆಗಳು
6,level0,Common Letter Combinations,kannadaExplanation,ಕೆಲವು ಅಕ್ಷರಗಳು ಒಟ್ಟಿಗೆ ವಿಶೇಷ ಧ್ವನಿಗಳನ್ನು ಉಂಟುಮಾಡುತ್ತವೆ.
7,level0,Reading Practice,kannadaTitle,ಓದುವ ಅಭ್ಯಾಸ
7,level0,Reading Practice,kannadaExplanation,ಸರಳ ವಾಕ್ಯಗಳನ್ನು ಜೋರಾಗಿ ಓದಿ.
8,level0,Dictation Practice,kannadaTitle,ಅನುಲೇಖನ ಅಭ್ಯಾಸ
8,level0,Dictation Practice,kannadaExplanation,ಕೇಳಿ ಪದಗಳನ್ನು ಬರೆಯಿರಿ.
9,level0,Common Mistakes,kannadaTitle,ಸಾಮಾನ್ಯ ತಪ್ಪುಗಳು
9,level0,Common Mistakes,kannadaExplanation,ಈ ಸಾಮಾನ್ಯ ಪ್ರಾರಂಭಿಕ ತಪ್ಪುಗಳನ್ನು ತಪ್ಪಿಸಿಕೊಳ್ಳಿ.
10,level0,Foundation Test,kannadaTitle,ಪ್ರಾಥಮಿಕ ಪರೀಕ್ಷೆ
10,level0,Foundation Test,kannadaExplanation,Level 1 ಗೆ ಹೋಗುವ ಮೊದಲು ನಿಮ್ಮ ಪ್ರಾಥಮಿಕ ಜ್ಞಾನವನ್ನು ಪರೀಕ್ಷಿಸಿ.
1,level1,Greetings,kannadaTitle,ನಮಸ್ಕಾರಗಳು
1,level1,Greetings,kannadaExplanation,ದಿನದ ವಿವಿಧ ಸಮಯಗಳಿಗೆ ಪ್ರಾಥಮಿಕ ನಮಸ್ಕಾರಗಳನ್ನು ಕಲಿಯಿರಿ.
2,level1,Self-Introduction,kannadaTitle,ಸ್ವಪರಿಚಯ
2,level1,Self-Introduction,kannadaExplanation,ಇಂಗ್ಲಿಷ್‌ನಲ್ಲಿ ನಿಮ್ಮನ್ನು ಪರಿಚಯಿಸಿಕೊಳ್ಲು ಕಲಿಯಿರಿ.
3,level1,This / That / These / Those,kannadaTitle,ಇದು / ಅದು / ಇವು / ಅವು
3,level1,This / That / These / Those,kannadaExplanation,ಹತ್ತಿರ ಮತ್ತು ದೂರದ ವಸ್ತುಗಳನ್ನು ತೋರಿಸಿ ವಿವರಿಸಲು ಕಲಿಯಿರಿ.
4,level1,I Have / I Need,kannadaTitle,ನನಗಿದೆ / ನನಗಿದು ಬೇಕು
4,level1,I Have / I Need,kannadaExplanation,ನಿಮಗಿರುವುದನ್ನು ಮತ್ತು ನಿಮಗಿರುವುದನ್ನು ವ್ಯಕ್ತಪಡಿಸಿ.
5,level1,I Like / I Do Not Like,kannadaTitle,ನನಗೆ ಇಷ್ಟ / ನನಗೆ ಇಷ್ಟವಿಲ್ಲ
5,level1,I Like / I Do Not Like,kannadaExplanation,ನಿಮ್ಮ ಇಷ್ಟ ಮತ್ತು ಅಸಮ್ಮತಿಯನ್ನು ವ್ಯಕ್ತಪಡಿಸಿ.
6,level1,Can / Cannot,kannadaTitle,ಸಾಧ್ಯ / ಅಸಾಧ್ಯ
6,level1,Can / Cannot,kannadaExplanation,ಸಾಮರ್ಥ್ಯ ಮತ್ತು ಸಾಧ್ಯತೆಗಳ ಬಗ್ಗೆ ಮಾತನಾಡಿ.
7,level1,Polite Requests,kannadaTitle,ವಿನಮ್ರವಾದ ವಿನಂತಿಗಳು
7,level1,Polite Requests,kannadaExplanation,ವಿಷಯಗಳನ್ನು ವಿನಮ್ರವಾಗಿ ಕೇಳಲು ಕಲಿಯಿರಿ.
8,level1,Basic Questions,kannadaTitle,ಪ್ರಾಥಮಿಕ ಪ್ರಶ್ನೆಗಳು
8,level1,Basic Questions,kannadaExplanation,ಪ್ರಾಥಮಿಕ ಪ್ರಶ್ನೆಗಳನ್ನು ಕೇಳಲು ಮತ್ತು ಉತ್ತರಿಸಲು ಕಲಿಯಿರಿ.
9,level1,Numbers and Counting,kannadaTitle,ಸಂಖ್ಯೆಗಳು ಮತ್ತು ಎಣಿಕೆ
9,level1,Numbers and Counting,kannadaExplanation,1-20 ಸಂಖ್ಯೆಗಳು ಮತ್ತು ಪ್ರಾಥಮಿಕ ಎಣಿಕೆಯನ್ನು ಕಲಿಯಿರಿ.
10,level1,Days of the Week,kannadaTitle,ವಾರದ ದಿನಗಳು
10,level1,Days of the Week,kannadaExplanation,ವಾರದ ಏಳು ದಿನಗಳನ್ನು ಕಲಿಯಿರಿ.
11,level1,Revision Role-play,kannadaTitle,ಪುನರಾವಲೋಕನ ಪಾತ್ರ-ನಿರ್ವಹಣ
11,level1,Revision Role-play,kannadaExplanation,ಸಂಭಾಷಣೆಯಲ್ಲಿ ನೀವು ಕಲಿತ ಎಲ್ಲವನ್ನೂ ಅಭ್ಯಾಸ ಮಾಡಿ.
12,level1,Level 1 Test,kannadaTitle,Level 1 ಪರೀಕ್ಷೆ
12,level1,Level 1 Test,kannadaExplanation,ನಿಮ್ಮ ಸರ್ವೈವಲ್ ಇಂಗ್ಲಿಷ್ ಜ್ಞಾನವನ್ನು ಪರೀಕ್ಷಿಸಿ.
1,level2,Present Simple Tense - I/You/We/They,kannadaTitle,ವರ್ತಮಾನ ಕಾಲ - I/You/We/They
1,level2,Present Simple Tense - I/You/We/They,kannadaExplanation,"I, you, we, they ಗೆ ವರ್ತಮಾನ ಕಾಲದಲ್ಲಿ 'do' ಬಳಸಿ."
2,level2,Present Simple Tense - He/She/It,kannadaTitle,ವರ್ತಮಾನ ಕಾಲ - He/She/It
2,level2,Present Simple Tense - He/She/It,kannadaExplanation,"he, she, it ಗೆ 'does' ಬಳಸಿ. ಕ್ರಿಯಾಪದಗಳಿಗೆ 'es' ಅಥವಾ 's' ಸೇರಿಸಿ."
3,level2,Present Simple - Negative Sentences,kannadaTitle,ವರ್ತಮಾನ ಕಾಲ - ನಕಾರಾತ್ಮಕ ವಾಕ್ಯಗಳು
3,level2,Present Simple - Negative Sentences,kannadaExplanation,ನಕಾರಾತ್ಮಕಕ್ಕೆ 'do not' ಅಥವಾ 'don't' ಬಳಸಿ. he/she/it ಗೆ 'does not' ಅಥವಾ 'doesn't' ಬಳಸಿ.
4,level2,Present Simple - Questions,kannadaTitle,ವರ್ತಮಾನ ಕಾಲ - ಪ್ರಶ್ನೆಗಳು
4,level2,Present Simple - Questions,kannadaExplanation,I/you/we/they ಗೆ 'Do' ದಿಂದ ಪ್ರಾರಂಭಿಸಿ. he/she/it ಗೆ 'Does' ದಿಂದ ಪ್ರಾರಂಭಿಸಿ.
5,level2,"Question Words - What, Where, When",kannadaTitle,"ಪ್ರಶ್ನಾರ್ಥಕ ಪದಗಳು - What, Where, When"
5,level2,"Question Words - What, Where, When",kannadaExplanation,ನಿರ್ದಿಷ್ಟ ಪ್ರಶ್ನೆಗಳನ್ನು ಕೇಳಲು ಪ್ರಶ್ನಾರ್ಥಕ ಪದಗಳನ್ನು ಬಳಸಿ.
6,level2,"Question Words - Who, Why, How",kannadaTitle,"ಪ್ರಶ್ನಾರ್ಥಕ ಪದಗಳು - Who, Why, How"
6,level2,"Question Words - Who, Why, How",kannadaExplanation,ವಿವಿಧ ರೀತಿಯ ಪ್ರಶ್ನೆಗಳಿಗೆ ಹೆಚ್ಚಿನ ಪ್ರಶ್ನಾರ್ಥಕ ಪದಗಳು.
7,level2,Daily Routines - Morning,kannadaTitle,ದೈನಂದಿನ ಕಾರ್ಯಗಳು - ಬೆಳಿಗೆ
7,level2,Daily Routines - Morning,kannadaExplanation,ನೀವು ಬೆಳಿಗೆ ಏನು ಮಾಡುತ್ತೀರಿ ಎಂದು ಹೇಳಿ.
8,level2,Daily Routines - Afternoon/Evening,kannadaTitle,ದೈನಂದಿನ ಕಾರ್ಯಗಳು - ಮಧ್ಯಾಹ್ನ/ಸಾಯಂಕಾಲ
8,level2,Daily Routines - Afternoon/Evening,kannadaExplanation,ಮಧ್ಯಾಹ್ನ ಮತ್ತು ಸಾಯಂಕಾಲದ ಚಟುವಟಿಕೆಗಳ ಬಗ್ಗೆ ಹೇಳಿ.
9,level2,Frequency Words,kannadaTitle,ಆವರ್ತನ ಪದಗಳು
9,level2,Frequency Words,kannadaExplanation,ಏನಾದರೂ ಎಷ್ಟು ಬಾರಿ ಸಂಭವಿಸುತ್ತದೆ ಎಂದು ಹೇಳುವ ಪದಗಳು.
10,level2,Subject-Verb Agreement,kannadaTitle,ಕರ್ತ-ಕ್ರಿಯಾಪದ ಒಪ್ಪಂದ
10,level2,Subject-Verb Agreement,kannadaExplanation,ಕ್ರಿಯಾಪದಗಳು ತಮ್ಮ ಕರ್ತೃಪದಗಳೊಂದಿಗೆ ಸಂಖ್ಯೆ ಮತ್ತು ಪುರುಷದಲ್ಲಿ ಒಪ್ಪಂದವಾಗಬೇಕು.
11,level2,There is / There are,kannadaTitle,There is / There are
11,level2,There is / There are,kannadaExplanation,ಏಕವಚನಕ್ಕೆ 'there is' ಮತ್ತು ಬಹುವಚನಕ್ಕೆ 'there are' ಬಳಸಿ.
12,level2,Have / Has,kannadaTitle,Have / Has
12,level2,Have / Has,kannadaExplanation,"I/you/we/they ಗೆ 'have', he/she/it ಗೆ 'has' ಬಳಸಿ."
13,level2,Prepositions of Time,kannadaTitle,ಕಾಲದ ಉಪಸರ್ಗಗಳು
13,level2,Prepositions of Time,kannadaExplanation,"ವಿವಿಧ ಕಾಲ ವ್ಯಕ್ತಪಡಿಸಲು 'in', 'on', 'at' ಬಳಸಿ."
14,level2,Prepositions of Place,kannadaTitle,ಸ್ಥಳದ ಉಪಸರ್ಗಗಳು
14,level2,Prepositions of Place,kannadaExplanation,"ವಿವಿಧ ಸ್ಥಳ ವ್ಯಕ್ತಪಡಿಸಲು 'in', 'on', 'at' ಬಳಸಿ."
15,level2,Level 2 Test,kannadaTitle,Level 2 ಪರೀಕ್ಷೆ
15,level2,Level 2 Test,kannadaExplanation,ನಿಮ್ಮ ಮೂಲಭೂತ ವ್ಯಾಕರಣ ಜ್ಞಾನವನ್ನು ಪರೀಕ್ಷಿಸಿ.
1,level3,Present Continuous Tense,kannadaTitle,ವರ್ತಮಾನ ನಿರಂತರ ಕಾಲ
1,level3,Present Continuous Tense,kannadaExplanation,ಈಗ ನಡೆಯುತ್ತಿರುವ ಕ್ರಿಯೆಗಳಿಗೆ 'am/is/are + verb-ing' ಬಳಸಿ.
2,level3,Present Continuous - Negative,kannadaTitle,ವರ್ತಮಾನ ನಿರಂತರ ಕಾಲ - ನಕಾರಾತ್ಮಕ
2,level3,Present Continuous - Negative,kannadaExplanation,ನಕಾರಾತ್ಮಕಕ್ಕೆ 'am not/is not/are not + verb-ing' ಬಳಸಿ.
3,level3,Present Continuous - Questions,kannadaTitle,ವರ್ತಮಾನ ನಿರಂತರ ಕಾಲ - ಪ್ರಶ್ನೆಗಳು
3,level3,Present Continuous - Questions,kannadaExplanation,ಪ್ರಶ್ನೆಗಳಿಗೆ 'Am/Are/Is + subject + verb-ing' ಬಳಸಿ.
4,level3,Family Members,kannadaTitle,ಕುಟುಂಬದ ಸದಸ್ಯರು
4,level3,Family Members,kannadaExplanation,ಕುಟುಂಬದ ಸದಸ್ಯರಿಗಾಗಿ ಶಬ್ದಕೋಶವನ್ನು ಕಲಿಯಿರಿ.
5,level3,Describing Family,kannadaTitle,ಕುಟುಂಬವನ್ನು ವಿವರಿಸುವುದು
5,level3,Describing Family,kannadaExplanation,ನಿಮ್ಮ ಕುಟುಂಬದ ಸದಸ್ಯರು ಮತ್ತು ಅವರ ವೃತ್ತಿಗಳ ಬಗ್ಗೆ ಮಾತನಾಡಿ.
6,level3,Home and Rooms,kannadaTitle,ಮನೆ ಮತ್ತು ಕೋಣೆಗಳು
6,level3,Home and Rooms,kannadaExplanation,ಮನೆಯ ವಿವಿಧ ಕೋಣೆಗಳಿಗಾಗಿ ಶಬ್ದಕೋಶವನ್ನು ಕಲಿಯಿರಿ.
7,level3,Household Items,kannadaTitle,ಗೃಹೋಪಯೋಗಿ ವಸ್ತುಗಳು
7,level3,Household Items,kannadaExplanation,ಮನೆಯಲ್ಲಿ ಸಾಮಾನ್ಯವಾಗಿ ಕಾಣುವ ವಸ್ತುಗಳು.
8,level3,Polite Requests,kannadaTitle,ವಿನಮ್ರವಾದ ವಿನಂತಿಗಳು
8,level3,Polite Requests,kannadaExplanation,ಮನೆಯಲ್ಲಿ ವಿಷಯಗಳನ್ನು ವಿನಮ್ರವಾಗಿ ಕೇಳುವುದು ಹೇಗೆ.
9,level3,Asking for Help,kannadaTitle,ಸಹಾಯ ಕೇಳುವುದು
9,level3,Asking for Help,kannadaExplanation,ನಿಮಗೆ ಸಹಾಯ ಬೇಕಾದಾಗ ಹೇಗೆ ಕೇಳಬೇಕು.
10,level3,Daily Activities at Home,kannadaTitle,ಮನೆಯಲ್ಲಿ ದೈನಂದಿನ ಚಟುವಟಿಕೆಗಳು
10,level3,Daily Activities at Home,kannadaExplanation,ವರ್ತಮಾನ ನಿರಂತರ ಕಾಲವನ್ನು ಬಳಸಿ ನೀವು ಮನೆಯಲ್ಲಿ ಏನು ಮಾಡುತ್ತೀರಿ ಎಂದು ಹೇಳಿ.
11,level3,Present Simple vs Present Continuous,kannadaTitle,ವರ್ತಮಾನ ಕಾಲ vs ವರ್ತಮಾನ ನಿರಂತರ ಕಾಲ
11,level3,Present Simple vs Present Continuous,kannadaExplanation,ಅಭ್ಯಾಸಗಳು (ವರ್ತಮಾನ ಕಾಲ) ಮತ್ತು ಪ್ರಸ್ತುತ ಕ್ರಿಯೆಗಳ (ವರ್ತಮಾನ ನಿರಂತರ ಕಾಲ) ನಡುವಿನ ವ್ಯತ್ಯಾಸ.
12,level3,Level 3 Test,kannadaTitle,Level 3 ಪರೀಕ್ಷೆ
12,level3,Level 3 Test,kannadaExplanation,ನಿಮ್ಮ ದೈನಂದಿನ ಜೀವನ ಇಂಗ್ಲಿಷ್ ಜ್ಞಾನವನ್ನು ಪರೀಕ್ಷಿಸಿ.
1,level4,Past Simple Tense - Regular Verbs,kannadaTitle,ಭೂತಕಾಲ - ನಿಯಮಿತ ಕ್ರಿಯಾಪದಗಳು
1,level4,Past Simple Tense - Regular Verbs,kannadaExplanation,ನಿಯಮಿತ ಕ್ರಿಯಾಪದಗಳಿಗೆ ಭೂತಕಾಲದಲ್ಲಿ '-ed' ಸೇರಿಸಿ.
2,level4,Past Simple Tense - Irregular Verbs,kannadaTitle,ಭೂತಕಾಲ - ಅನಿಯಮಿತ ಕ್ರಿಯಾಪದಗಳು
2,level4,Past Simple Tense - Irregular Verbs,kannadaExplanation,ಅನಿಯಮಿತ ಕ್ರಿಯಾಪದಗಳು ವಿಶೇಷ ಭೂತಕಾಲ ರೂಪಗಳನ್ನು ಹೊಂದಿವೆ.
3,level4,Past Simple - Negative,kannadaTitle,ಭೂತಕಾಲ - ನಕಾರಾತ್ಮಕ
3,level4,Past Simple - Negative,kannadaExplanation,ನಕಾರಾತ್ಮಕಕ್ಕೆ 'did not' ಅಥವಾ 'didn't' + ಮೂಲ ಕ್ರಿಯಾಪದ ಬಳಸಿ.
4,level4,Past Simple - Questions,kannadaTitle,ಭೂತಕಾಲ - ಪ್ರಶ್ನೆಗಳು
4,level4,Past Simple - Questions,kannadaExplanation,ಪ್ರಶ್ನೆಗಳಿಗೆ 'Did' + subject + ಮೂಲ ಕ್ರಿಯಾಪದ ಬಳಸಿ.
5,level4,Future with Will,kannadaTitle,Will ನೊಂದಿಗೆ ಭವಿಷ್ಯತ್
5,level4,Future with Will,kannadaExplanation,ಭವಿಷ್ಯ ಭಾವನೆಗಳಿಗೆ ಮತ್ತು ಸ್ವಯಂಚಾಲಿತ ನಿರ್ಧಾರಗಳಿಗೆ 'will' + ಮೂಲ ಕ್ರಿಯಾಪದ ಬಳಸಿ.
6,level4,Future with Going To,kannadaTitle,Going To ನೊಂದಿಗೆ ಭವಿಷ್ಯತ್
6,level4,Future with Going To,kannadaExplanation,ಯೋಜಿತ ಕ್ರಿಯೆಗಳಿಗೆ ಮತ್ತು ಸಾಕ್ಷ್ಯದ ಆಧಾರದ ಮೇಲೆ ಭವಿಷ್ಯಕ್ಕೆ 'am/is/are going to + verb' ಬಳಸಿ.
7,level4,Time Expressions - Past,kannadaTitle,ಕಾಲ ವ್ಯಕ್ತಪಡಿಕೆ - ಭೂತಕಾಲ
7,level4,Time Expressions - Past,kannadaExplanation,ಭೂತಕಾಲದ ಬಗ್ಗೆ ಮಾತನಾಡಲು ಬಳಸುವ ಪದಗಳು.
8,level4,Time Expressions - Future,kannadaTitle,ಕಾಲ ವ್ಯಕ್ತಪಡಿಕೆ - ಭವಿಷ್ಯತ್
8,level4,Time Expressions - Future,kannadaExplanation,ಭವಿಷ್ಯದ ಬಗ್ಗೆ ಮಾತನಾಡಲು ಬಳಸುವ ಪದಗಳು.
9,level4,Past vs Present vs Future,kannadaTitle,ಭೂತ vs ವರ್ತಮಾನ vs ಭವಿಷ್ಯ
9,level4,Past vs Present vs Future,kannadaExplanation,"ಭೂತ, ವರ್ತಮಾನ, ಮತ್ತು ಭವಿಷ್ಯದ ನಡುವಿನ ವ್ಯತ್ಯಾಸವನ್ನು ಅರ್ಥಮಾಡಿಕೊಳ್ಳುವುದು."
10,level4,Level 4 Test,kannadaTitle,Level 4 ಪರೀಕ್ಷೆ
10,level4,Level 4 Test,kannadaExplanation,ನಿಮ್ಮ ಭೂತ ಮತ್ತು ಭವಿಷ್ಯ ಜ್ಞಾನವನ್ನು ಪರೀಕ್ಷಿಸಿ.
1,level5,Shopping Vocabulary,kannadaTitle,ಶಾಪಿಂಗ್ ಶಬ್ದಕೋಶ
1,level5,Shopping Vocabulary,kannadaExplanation,ಶಾಪಿಂಗ್‌ಗಾಗಿ ಶಬ್ದಗಳನ್ನು ಕಲಿಯಿರಿ.
2,level5,Shopping Conversations,kannadaTitle,ಶಾಪಿಂಗ್ ಸಂಭಾಷಣೆಗಳು
2,level5,Shopping Conversations,kannadaExplanation,ಶಾಪಿಂಗ್ ಮಾಡುವಾಗ ಹೇಗೆ ಮಾತನಾಡಬೇಕು.
3,level5,Phone Conversations,kannadaTitle,ದೂರವಾಣಿ ಸಂಭಾಷಣೆಗಳು
3,level5,Phone Conversations,kannadaExplanation,ಇಂಗ್ಲಿಷ್‌ನಲ್ಲಿ ದೂರವಾಣಿಯಲ್ಲಿ ಹೇಗೆ ಮಾತನಾಡಬೇಕು.
4,level5,Restaurant Vocabulary,kannadaTitle,ರೆಸ್ಟೋರೆಂಟ್ ಶಬ್ದಕೋಶ
4,level5,Restaurant Vocabulary,kannadaExplanation,ರೆಸ್ಟೋರೆಂಟ್‌ನಲ್ಲಿ ಊಟ ಮಾಡಲು ಶಬ್ದಗಳು.
5,level5,Ordering Food,kannadaTitle,ಆಹಾರ ಆರ್ಡರ್ ಮಾಡುವುದು
5,level5,Ordering Food,kannadaExplanation,ರೆಸ್ಟೋರೆಂಟ್‌ನಲ್ಲಿ ಆಹಾರವನ್ನು ಹೇಗೆ ಆರ್ಡರ್ ಮಾಡಬೇಕು.
6,level5,Travel Vocabulary,kannadaTitle,ಪ್ರಯಾಣ ಶಬ್ದಕೋಶ
6,level5,Travel Vocabulary,kannadaExplanation,ಪ್ರಯಾಣಕ್ಕಾಗಿ ಶಬ್ದಗಳು.
7,level5,Asking for Directions,kannadaTitle,ದಿಕ್ಕು ಕೇಳುವುದು
7,level5,Asking for Directions,kannadaExplanation,ದಿಕ್ಕನ್ನು ಕೇಳಲು ಮತ್ತು ನೀಡಲು ಹೇಗೆ.
8,level5,Emergency Situations,kannadaTitle,ತುರ್ತು ಪರಿಸ್ಥಿತಿಗಳು
8,level5,Emergency Situations,kannadaExplanation,ತುರ್ತು ಪರಿಸ್ಥಿತಿಗಳಲ್ಲಿ ಏನು ಹೇಳಬೇಕು.
9,level5,Banking Vocabulary,kannadaTitle,ಬ್ಯಾಂಕಿಂಗ್ ಶಬ್ದಕೋಶ
9,level5,Banking Vocabulary,kannadaExplanation,ಬ್ಯಾಂಕಿಂಗ್ ವಹಿವಾಟುಗಳಿಗಾಗಿ ಶಬ್ದಗಳು.
10,level5,Medical Situations,kannadaTitle,ವೈದ್ಯಕೀಯ ಪರಿಸ್ಥಿತಿಗಳು
10,level5,Medical Situations,kannadaExplanation,ವೈದ್ಯರೊಂದಿಗೆ ಹೇಗೆ ಮಾತನಾಡಬೇಕು.
11,level5,Hotel Check-in,kannadaTitle,ಹೋಟೆಲ್ ಚೆಕ್-ಇನ್
11,level5,Hotel Check-in,kannadaExplanation,ಹೋಟೆಲ್‌ಗೆ ಹೇಗೆ ಚೆಕ್-ಇನ್ ಮಾಡಬೇಕು.
12,level5,Making Complaints,kannadaTitle,ದೂರುಗಳನ್ನು ಮಾಡುವುದು
12,level5,Making Complaints,kannadaExplanation,ವಿನಮ್ರವಾಗಿ ದೂರುಗಳನ್ನು ಹೇಗೆ ಮಾಡಬೇಕು.
13,level5,Post Office,kannadaTitle,ಅಂಚೆ ಕಚೇರಿ
13,level5,Post Office,kannadaExplanation,ಅಂಚೆ ಕಚೇರಿಯಲ್ಲಿ ಹೇಗೆ ಸಂವಹಿಸಿಕೊಳ್ಳಬೇಕು.
14,level5,At the Airport,kannadaTitle,ವಿಮಾನ ನಿಲ್ದಾಣದಲ್ಲಿ
14,level5,At the Airport,kannadaExplanation,ವಿಮಾನ ನಿಲ್ದಾಣದಲ್ಲಿ ಹೇಗೆ ಸಂವಹಿಸಿಕೊಳ್ಳಬೇಕು.
15,level5,Level 5 Test,kannadaTitle,Level 5 ಪರೀಕ್ಷೆ
15,level5,Level 5 Test,kannadaExplanation,ನಿಮ್ಮ ವಾಸ್ತವ ಜಗತ್ತಿನ ಇಂಗ್ಲಿಷ್ ಅನ್ನು ಪರೀಕ್ಷಿಸಿ.
1,level6,Describing People,kannadaTitle,ಜನರನ್ನು ವಿವರಿಸುವುದು
1,level6,Describing People,kannadaExplanation,ಜನರ ಬಾಹ್ಯ ರೂಪವನ್ನು ಹೇಗೆ ವಿವರಿಸಬೇಕು.
2,level6,Personality Adjectives,kannadaTitle,ವ್ಯಕ್ತಿತ್ವ ವಿಶೇಷಣಗಳು
2,level6,Personality Adjectives,kannadaExplanation,ವ್ಯಕ್ತಿತ್ವವನ್ನು ವಿವರಿಸಲು ಪದಗಳು.
3,level6,Describing Places,kannadaTitle,ಸ್ಥಳಗಳನ್ನು ವಿವರಿಸುವುದು
3,level6,Describing Places,kannadaExplanation,ವಿವಿಧ ಸ್ಥಳಗಳನ್ನು ಹೇಗೆ ವಿವರಿಸಬೇಕು.
4,level6,Weather Descriptions,kannadaTitle,ಹವಾಮಾನ ವಿವರಣೆ
4,level6,Weather Descriptions,kannadaExplanation,ಹವಾಮಾನದ ಬಗ್ಗೆ ಮಾತನಾಡುವುದು.
5,level6,Expressing Opinions,kannadaTitle,ಅಭಿಪ್ರಾಯಗಳನ್ನು ವ್ಯಕ್ತಪಡಿಸುವುದು
5,level6,Expressing Opinions,kannadaExplanation,ನಿಮ್ಮ ಅಭಿಪ್ರಾಯವನ್ನು ಹೇಗೆ ನೀಡಬೇಕು.
6,level6,Agreeing and Disagreeing,kannadaTitle,ಒಪ್ಪುಗೆ ಮತ್ತು ಭಿನ್ನಾಭಿಪ್ರಾಯ
6,level6,Agreeing and Disagreeing,kannadaExplanation,ಒಪ್ಪುವ ಮತ್ತು ಒಪ್ಪದಿರುವ ವಿನಮ್ರ ಮಾರ್ಗಗಳು.
7,level6,Telling Past Stories,kannadaTitle,ಭೂತಕಾಲದ ಕಥೆಗಳನ್ನು ಹೇಳುವುದು
7,level6,Telling Past Stories,kannadaExplanation,ಭೂತಕಾಲದ ಬಗ್ಗೆ ಕಥೆಗಳನ್ನು ಹೇಗೆ ಹೇಳಬೇಕು.
8,level6,Comparing Things,kannadaTitle,ವಸ್ತುಗಳನ್ನು ಹೋಲಿಸುವುದು
8,level6,Comparing Things,kannadaExplanation,ಹೋಲಿಕೆಗಳು ಮತ್ತು ಅತ್ಯುತ್ತಮಗಳನ್ನು ಬಳಸುವುದು.
9,level6,Describing Experiences,kannadaTitle,ಅನುಭವಗಳನ್ನು ವಿವರಿಸುವುದು
9,level6,Describing Experiences,kannadaExplanation,ನಿಮ್ಮ ಅನುಭವಗಳ ಬಗ್ಗೆ ಮಾತನಾಡುವುದು.
10,level6,Giving Reasons,kannadaTitle,ಕಾರಣಗಳನ್ನು ನೀಡುವುದು
10,level6,Giving Reasons,kannadaExplanation,"because, so, therefore ಬಳಸುವುದು."
11,level6,Describing Feelings,kannadaTitle,ಭಾವನೆಗಳನ್ನು ವಿವರಿಸುವುದು
11,level6,Describing Feelings,kannadaExplanation,ಭಾವನೆಗಳ ಬಗ್ಗೆ ಹೇಗೆ ಮಾತನಾಡಬೇಕು.
12,level6,Level 6 Test,kannadaTitle,Level 6 ಪರೀಕ್ಷೆ
12,level6,Level 6 Test,kannadaExplanation,ನಿಮ್ಮ ವಿವರಣಾತ್ಮಕ ಇಂಗ್ಲಿಷ್ ಅನ್ನು ಪರೀಕ್ಷಿಸಿ.
1,level7,Office Vocabulary,kannadaTitle,ಕಚೇರಿ ಶಬ್ದಕೋಶ
1,level7,Office Vocabulary,kannadaExplanation,ಕಚೇರಿಗಳಲ್ಲಿ ಸಾಮಾನ್ಯವಾಗಿ ಬಳಸುವ ಪದಗಳು.
2,level7,Job Titles and Roles,kannadaTitle,ಹುದ್ದುಗಳು ಮತ್ತು ಪಾತ್ರಗಳು
2,level7,Job Titles and Roles,kannadaExplanation,ಸಾಮಾನ್ಯ ಹುದ್ದುಗಳು.
3,level7,Email Writing Basics,kannadaTitle,ಇಮೇಲ್ ಬರೆಯುವ ಮೂಲಾಂಶಗಳು
3,level7,Email Writing Basics,kannadaExplanation,ವೃತ್ತಿಪರ ಇಮೇಲ್‌ಗಳನ್ನು ಹೇಗೆ ಬರೆಯಬೇಕು.
4,level7,Job Interview - Introduction,kannadaTitle,ಉದ್ಯೋಗ ಸಂದರ್ಶನ - ಪರಿಚಯ
4,level7,Job Interview - Introduction,kannadaExplanation,ಸಂದರ್ಶನದಲ್ಲಿ ನಿಮ್ಮನ್ನು ಹೇಗೆ ಪರಿಚಯಿಸಿಕೊಳ್ಳಬೇಕು.
5,level7,Job Interview - Questions,kannadaTitle,ಉದ್ಯೋಗ ಸಂದರ್ಶನ - ಪ್ರಶ್ನೆಗಳು
5,level7,Job Interview - Questions,kannadaExplanation,ಸಾಮಾನ್ಯ ಸಂದರ್ಶನ ಪ್ರಶ್ನೆಗಳು ಮತ್ತು ಉತ್ತರಗಳು.
6,level7,Talking About Work Experience,kannadaTitle,ಕೆಲಸ ಅನುಭವದ ಬಗ್ಗೆ ಮಾತನಾಡುವುದು
6,level7,Talking About Work Experience,kannadaExplanation,ನಿಮ್ಮ ಕೆಲಸ ಇತಿಹಾಸವನ್ನು ಹೇಗೆ ವಿವರಿಸಬೇಕು.
7,level7,Meeting Vocabulary,kannadaTitle,ಸಭೆ ಶಬ್ದಕೋಶ
7,level7,Meeting Vocabulary,kannadaExplanation,ಸಭೆಗಳಲ್ಲಿ ಬಳಸುವ ಪದಗಳು.
8,level7,Participating in Meetings,kannadaTitle,ಸಭೆಗಳಲ್ಲ ಭಾಗವಹಿಸುವುದು
8,level7,Participating in Meetings,kannadaExplanation,ಸಭೆಗಳಲ್ಲಿ ಹೇಗೆ ಮಾತನಾಡಬೇಕು.
9,level7,Professional Greetings,kannadaTitle,ವೃತ್ತಿಪರ ಅಭಿವಾದನೆಗಳು
9,level7,Professional Greetings,kannadaExplanation,ಜನರನ್ನು ವೃತ್ತಿಪರವಾಗಿ ಹೇಗೆ ಅಭಿವಾದಿಸಬೇಕು.
10,level7,Giving and Receiving Feedback,kannadaTitle,ಪ್ರತಿಕ್ರಿಯೆ ನೀಡುವುದು ಮತ್ತು ಸ್ವೀಕರಿಸುವುದು
10,level7,Giving and Receiving Feedback,kannadaExplanation,ವೃತ್ತಿಪರವಾಗಿ ಪ್ರತಿಕ್ರಿಯೆಯನ್ನು ಹೇಗೆ ನೀಡಬೇಕು ಮತ್ತು ಸ್ವೀಕರಿಸಬೇಕು.
11,level7,Salary and Benefits,kannadaTitle,ಸಂಬಳ ಮತ್ತು ಸೌಲಭ್ಯಗಳು
11,level7,Salary and Benefits,kannadaExplanation,ಪರಿಹಾರದ ಬಗ್ಗೆ ಮಾತನಾಡುವುದು.
12,level7,Level 7 Test,kannadaTitle,Level 7 ಪರೀಕ್ಷೆ
12,level7,Level 7 Test,kannadaExplanation,ನಿಮ್ಮ ಕಾರ್ಯಸ್ಥಳ ಇಂಗ್ಲಿಷ್ ಅನ್ನು ಪರೀಕ್ಷಿಸಿ.
1,level8,Passive Voice - Present,kannadaTitle,ಕರ್ಮಣಿ ಪ್ರಯೋಗ - ವರ್ತಮಾನ
1,level8,Passive Voice - Present,kannadaExplanation,ಕರ್ಮಣಿ ಪ್ರಯೋಗದಲ್ಲಿ ಕರ್ಮವು ಕರ್ತೃವಾಗುತ್ತದೆ.
2,level8,Passive Voice - Past,kannadaTitle,ಕರ್ಮಣಿ ಪ್ರಯೋಗ - ಭೂತ
2,level8,Passive Voice - Past,kannadaExplanation,ಭೂತ ಕರ್ಮಣಿ ಪ್ರಯೋಗದ ನಿರ್ಮಾಣ.
3,level8,Present Perfect Tense,kannadaTitle,ವರ್ತಮಾನ ಪೂರ್ಣ ಕಾಲ
3,level8,Present Perfect Tense,kannadaExplanation,ಭೂತಕಾಲದಲ್ಲಿ ಪೂರ್ಣಗೊಂಡ ಕ್ರಿಯೆಗಳು ವರ್ತಮಾನಕ್ಕೆ ಸಂಬಂಧಿಸಿದಂತೆ.
4,level8,Present Perfect vs Past Simple,kannadaTitle,ವರ್ತಮಾನ ಪೂರ್ಣ vs ಭೂತ ಸರಳ
4,level8,Present Perfect vs Past Simple,kannadaExplanation,ವರ್ತಮಾನ ಪೂರ್ಣ ಮತ್ತು ಭೂತ ಸರಳದ ನಡುವಿನ ವ್ಯತ್ಯಾಸ.
5,level8,Past Perfect Tense,kannadaTitle,ಭೂತ ಪೂರ್ಣ ಕಾಲ
5,level8,Past Perfect Tense,kannadaExplanation,ಇನ್ನೊಂದು ಭೂತ ಕ್ರಿಯೆಗೆ ಮೊದಲು ಪೂರ್ಣಗೊಂಡ ಕ್ರಿಯೆಗಳು.
6,level8,Future Perfect Tense,kannadaTitle,ಭವಿಷ್ಯ ಪೂರ್ಣ ಕಾಲ
6,level8,Future Perfect Tense,kannadaExplanation,ಭವಿಷ್ಯದ ಒಂದು ಸಮಯದವರೆಗೆ ಪೂರ್ಣಗೊಳ್ಳುವ ಕ್ರಿಯೆಗಳು.
7,level8,Conditionals - Type 0,kannadaTitle,ಸಶರ್ತಗಳು - ಪ್ರಕಾರ 0
7,level8,Conditionals - Type 0,kannadaExplanation,ಸಾಮಾನ್ಯ ಸತ್ಯಗಳು ಮತ್ತು ವೈಜ್ಞಾನಿಕ ವಾಸ್ತವಗಳು.
8,level8,Conditionals - Type 1,kannadaTitle,ಸಶರ್ತಗಳು - ಪ್ರಕಾರ 1
8,level8,Conditionals - Type 1,kannadaExplanation,ಭವಿಷ್ಯದಲ್ಲಿ ನೈಜ ಸಾಧ್ಯತೆಗಳು.
9,level8,Conditionals - Type 2,kannadaTitle,ಸಶರ್ತಗಳು - ಪ್ರಕಾರ 2
9,level8,Conditionals - Type 2,kannadaExplanation,ಕಾಲ್ಪನಿಕ ಅಥವಾ ಅಸಂಭವನೀಯ ಪರಿಸ್ಥಿತಿಗಳು.
10,level8,Conditionals - Type 3,kannadaTitle,ಸಶರ್ತಗಳು - ಪ್ರಕಾರ 3
10,level8,Conditionals - Type 3,kannadaExplanation,ಸಂಭವಿಸದ ಭೂತ ಪರಿಸ್ಥಿತಿಗಳು.
11,level8,Reported Speech,kannadaTitle,ವರದಿಗೊಳಿಸಿದ ಮಾತು
11,level8,Reported Speech,kannadaExplanation,ಯಾರಾದರೂ ಹೇಳಿದ್ದನ್ನು ಹೇಗೆ ವರದಿ ಮಾಡಬೇಕು.
12,level8,Relative Clauses,kannadaTitle,ಸಂಬಂಧಿತ ಉಪವಾಕ್ಯಗಳು
12,level8,Relative Clauses,kannadaExplanation,"ವಾಕ್ಯಗಳನ್ನು ಸಂಪರ್ಕಿಸಲು who, which, that ಬಳಸುವುದು."
13,level8,Modals of Probability,kannadaTitle,ಸಂಭಾವ್ಯತೆಯ ಮೋಡಲ್‌ಗಳು
13,level8,Modals of Probability,kannadaExplanation,"ಸಂಭಾವ್ಯತೆಗಾಗಿ must, may, might, could ಬಳಸುವುದು."
14,level8,Used to and Would,kannadaTitle,Used to ಮತ್ತು Would
14,level8,Used to and Would,kannadaExplanation,ಭೂತಕಾಲದ ಅಭ್ಯಾಸಗಳ ಬಗ್ಗೆ ಮಾತನಾಡುವುದು.
15,level8,Level 8 Test,kannadaTitle,Level 8 ಪರೀಕ್ಷೆ
15,level8,Level 8 Test,kannadaExplanation,ನಿಮ್ಮ ಸುಧಾರಿತ ವ್ಯಾಕರಣವನ್ನು ಪರೀಕ್ಷಿಸಿ.
1,level9,Fluent Speaking Skills,kannadaTitle,ನಿರರ್ಗಳ ಮಾತನಾಡುವ ಕೌಶಲ್ಯಗಳು
1,level9,Fluent Speaking Skills,kannadaExplanation,ನಿರರ್ಗಳವಾಗಿ ಮಾತನಾಡಲು ಸೂಚನೆಗಳು.
2,level9,Giving Presentations,kannadaTitle,ಪ್ರಸ್ತುತಿಗಳನ್ನು ನೀಡುವುದು
2,level9,Giving Presentations,kannadaExplanation,ಪರಿಣಾಮಕಾರಿ ಪ್ರಸ್ತುತಿಗಳನ್ನು ಹೇಗೆ ನೀಡಬೇಕು.
3,level9,Participating in Discussions,kannadaTitle,ಚರ್ಚೆಗಳಲ್ಲಿ ಭಾಗವಹಿಸುವುದು
3,level9,Participating in Discussions,kannadaExplanation,ಗುಂಪು ಚರ್ಚೆಗಳಲ್ಲಿ ಪರಿಣಾಮಕಾರಿಯಾಗಿ ಹೇಗೆ ಭಾಗವಹಿಸಬೇಕು.
4,level9,Expressing Complex Ideas,kannadaTitle,ಸಂಕೀರ್ಣ ಆಲೋಚನೆಗಳನ್ನು ವ್ಯಕ್ತಪಡಿಸುವುದು
4,level9,Expressing Complex Ideas,kannadaExplanation,ಸಂಕೀರ್ಣ ಆಲೋಚನೆಗಳನ್ನು ಸ್ಪಷ್ಟವಾಗಿ ಹೇಗೆ ವ್ಯಕ್ತಪಡಿಸಬೇಕು.
5,level9,Debate Skills,kannadaTitle,ರ್ಚಾ ಕೌಶಲ್ಯಗಳು
5,level9,Debate Skills,kannadaExplanation,ಚರ್ಚೆಗಳಲ್ಲಿ ಹೇಗೆ ಭಾಗವಹಿಸಬೇಕು.
6,level9,Negotiation Skills,kannadaTitle,ಮಾತುಕತೆ ಕೌಶಲ್ಯಗಳು
6,level9,Negotiation Skills,kannadaExplanation,ಪರಿಣಾಮಕಾರಿಯಾಗಿ ಹೇಗೆ ಮಾತುಕತೆ ಮಾಡಬೇಕು.
7,level9,Small Talk,kannadaTitle,ಸಣ್ಣ ಮಾತುಗಳು
7,level9,Small Talk,kannadaExplanation,ಸಾಮಾಜಿಕ ಪರಿಸ್ಥಿತಿಗಳಲ್ಲಿ ಹೇಗೆ ಸಂಭಾಷಣೆ ಮಾಡಬೇಕು.
8,level9,Cultural Topics,kannadaTitle,ಸಾಂಸ್ಕೃತಿಕ ವಿಷಯಗಳು
8,level9,Cultural Topics,kannadaExplanation,"ಸಂಸ್ಕೃತಿ, ಸಂಪ್ರದಾಯಗಳು, ಮತ್ತು ಹಬ್ಬಗಳ ಬಗ್ಗೆ ಚರ್ಚಿಸುವುದು."
9,level9,Current Affairs,kannadaTitle,ಪ್ರಸ್ತುತ ವಿದ್ಯಮಾನಗಳು
9,level9,Current Affairs,kannadaExplanation,ಸುದ್ದಿ ಮತ್ತು ಪ್ರಸ್ತುತ ಘಟನೆಗಳ ಬಗ್ಗೆ ಚರ್ಚಿಸುವುದು.
10,level9,Level 9 Final Test,kannadaTitle,Level 9 ಅಂತಿಮ ಪರೀಕ್ಷೆ
10,level9,Level 9 Final Test,kannadaExplanation,ನಿಮ್ಮ ಒಟ್ಟಾತ್ಮಕ ಇಂಗ್ಲಿಷ್ ನಿರರ್ಗಳತೆಯನ್ನು ಪರೀಕ್ಷಿಸಿ.